CREATE DATABASE uberdata ;
\c uberdata ;
You are now connected to database "uberdata" as user "postgres".

CREATE TABLE car ( car_id INT PRIMARY KEY NOT NULL , car_model VARCHAR(250) , car_color VARCHAR(250));
CREATE TABLE
INSERT INTO car VALUES (1 , 'MUSTENG' ,'red');
INSERT 0 1
INSERT INTO car VALUES (2 , 'ford' ,'bule');
INSERT 0 1
INSERT INTO car VALUES (3 , 'bmw' ,'black');
INSERT 0 1
INSERT INTO car VALUES (4 , 'KIA' ,'GREEN');
INSERT 0 1
INSERT INTO car VALUES (5 , 'BENS' ,'BROWN');
INSERT 0 1
INSERT INTO car VALUES (6 , 'KIA' ,'RED');
INSERT 0 1
INSERT INTO car VALUES (7 , 'HYUNDAI' ,'ORANGE');
INSERT 0 1
INSERT INTO car VALUES (8 , 'HYUNDAI' ,'RED');
INSERT 0 1
INSERT INTO car VALUES (9 , 'KIA' ,'BLUE');
INSERT 0 1
INSERT INTO car VALUES (10 , 'FERAIRE' ,'BLUE');
INSERT 0 1


CREATE TABLE client (id INT PRIMARY KEY NOT NULL, name VARCHAR(255) NOT NULL, number VARCHAR(255));
CREATE TABLE

INSERT INTO client VALUES (1 , 'moha','65120564');
INSERT 0 1
INSERT INTO client VALUES (2 , 'ali','651257');
INSERT 0 1
INSERT INTO client VALUES (3 , 'mohamed','54125457');
INSERT 0 1
INSERT INTO client VALUES (4 , 'mslam','064525457');
INSERT 0 1
INSERT INTO client VALUES (5 , 'sara','6545457');
INSERT 0 1
INSERT INTO client VALUES (6 , 'lamees','065145457');
INSERT 0 1
INSERT INTO client VALUES (7 , 'sacha','875145457');
INSERT 0 1
INSERT INTO client VALUES (8 , 'mechoo','2135457');
INSERT 0 1
INSERT INTO client VALUES (9 , 'mode','6512217');
INSERT 0 1
INSERT INTO client VALUES (10 , 'mosa','06512217');
INSERT 0 1




CREATE TABLE drivers ( driver_id INT PRIMARY KEY NOT NULL , name VARCHAR(250) , car_id INT references car(car_id) , phone_numberVARCHAR(250));
CREATE TABLE

                            
INSERT INTO drivers VALUES (1 ,'ali' ,10 , '6512354' );
INSERT 0 1
INSERT INTO drivers VALUES (2 ,'moha' ,9, '06512354' );
INSERT 0 1
INSERT INTO drivers VALUES (3 ,'salm' ,8, '06512354' );
INSERT 0 1
INSERT INTO drivers VALUES (4 ,'soha' ,7, '06512354' );
INSERT 0 1
INSERT INTO drivers VALUES (5 ,'sara' ,6, '506512354' );
INSERT 0 1
INSERT INTO drivers VALUES (6 ,'hezzam' ,5, '5065123' );
INSERT 0 1
INSERT INTO drivers VALUES (7 ,'ali' ,4, '651616' );
INSERT 0 1
INSERT INTO drivers VALUES (8 ,'sal' ,3, '60241551616' );
INSERT 0 1
INSERT INTO drivers VALUES (9 ,'medoo' ,2, '601551616' );
INSERT 0 1
INSERT INTO drivers VALUES (10 ,'shosh' ,1, '601551616' );
INSERT 0 1





CREATE TABLE trip ( id INT primary KEY NOT NULL , driver_id  INT references drivers (driver_id) , client_id INT references client (id) , dateAndTime TimeStamp);
CREATE TABLE

INSERT INTO trip VALUES (1,2,3,'2021-7-1 22:54:00');
INSERT 0 1
INSERT INTO trip VALUES (2,3,4,'2021-7-2 20:52:00');
INSERT 0 1
INSERT INTO trip VALUES (3,4,5,'2021-7-3 12:21:00');
INSERT 0 1
INSERT INTO trip VALUES (4,5,6,'2021-7-3 11:01:00');
INSERT 0 1
INSERT INTO trip VALUES (5,6,7,'2021-7-3 12:01:00');
INSERT 0 1
INSERT INTO trip VALUES (6,7,8,'2021-7-3 12:21:00');
INSERT 0 1
INSERT INTO trip VALUES (7,8,9,'2021-7-3 12:21:00');
INSERT 0 1
INSERT INTO trip VALUES (8,9,10,'2021-7-3 20:21:00');
INSERT 0 1
INSERT INTO trip VALUES (9,10,1,'2021-7-3 18:21:00');
INSERT 0 1
INSERT INTO trip VALUES (10,1,2,'2021-7-3 18:21:00');
INSERT 0 1










